<enunciate xmlns:xsi="http://www.w3.org/2001/XMLSchema-instance"
           xsi:noNamespaceSchemaLocation="http://enunciate.codehaus.org/schemas/enunciate-1.27.xsd">

  <api-classes>
    <include pattern="com.cloudera.api.v16.*"/>
  </api-classes>

  <services>
    <rest defaultRestSubcontext="/api/v16"/>
  </services>

  <modules>
    <docs splashPackage="com.cloudera.api"
          copyright="Cloudera, Inc. All rights reserved."
          docsDir="apidocs"
          title="Cloudera Manager API v16"
          groupRestResources="byPath"
          freemarkerXMLProcessingTemplate="api-docs.fmt"
          css="static/cms/css/api-docs.css"
          includeDefaultDownloads="false"
          includeExampleXml="false" />
    <java-client disabled="true"/>
    <jaxws-ri disabled="true"/>
    <xfire disabled="true"/>
    <jersey disabled="true"/>
    <cxf disabled="false"
         enableJaxws="false"/>
    <c disabled="true"/>
    <csharp disabled="true"/>
    <obj-c disabled="true"/>
    <!-- The XML module must be enabled to generate the correct mount point. -->
    <xml disabled="false"/>
  </modules>

</enunciate>
